"id";"sire";"dam";"sex";"reps";"Gl";"BW";"M227";"M1139"
"91";"63";"35";"Female";"1";187;36,65;"AB";"BB"
"92";"63";"35";"Female";"1";136;33,29;"AA";NA
"93";"63";"35";"Female";"1";115;42,07;"AB";"AA"
"94";"63";"35";"Female";"1";125;37,15;"AB";"AA"
"95";"63";"35";"Male";"1";112;38,39;"AB";"AA"
"96";"63";"35";"Male";"1";190;39,82;"AA";"AB"
"97";"63";"35";"Male";"1";169;44,44;"AB";"BB"
"98";"63";"35";"Male";"1";159;40,11;"AA";"BB"
"99";"63";"35";"Female";"2";111;33,5;"AB";"AB"
"100";"63";"35";"Female";"2";89;34,03;"AB";"AB"
"101";"63";"35";"Female";"2";117;30,04;"AA";"AA"
"102";"63";"35";"Female";"2";107;27,87;"AA";"AB"
"103";"63";"35";"Male";"2";153;39,28;"AB";"AB"
"104";"63";"35";"Male";"2";129;40,75;"AB";"BB"
"105";"63";"35";"Male";"2";151;30,79;"AB";"BB"
"106";"63";"35";"Male";"2";115;39,3;"AB";"AB"
"107";"63";"35";"Female";"3";123;41,68;"AB";"AB"
"108";"63";"35";"Male";"3";118;38,66;"AA";"BB"
"109";"63";"35";"Female";"3";104;29,46;"AA";"AA"
"110";"63";"35";"Female";"3";125;35,72;"AB";"AB"
"111";"63";"35";"Male";"3";126;35,43;"AB";"BB"
"112";"63";"35";"Male";"3";157;45,89;"AB";"AB"
"113";"63";"35";"Male";"3";187;56,47;"AB";"AB"
"114";"63";"35";"Male";"3";176;44,88;"AA";"AA"
"115";"63";"36";"Female";"1";142;32,4;"AA";"AB"
"116";"63";"36";"Female";"1";109;30,05;"AB";"AB"
"117";"63";"36";"Female";"1";111;37,83;"BB";"AB"
"118";"63";"36";"Female";"1";126;35,55;"BB";"AA"
"119";"63";"36";"Female";"1";100;34,06;"BB";"AA"
"120";"63";"36";"Male";"1";191;39,39;"AA";"AA"
"121";"63";"36";"Male";"1";134;36,18;"BB";"BB"
"122";"63";"36";"Male";"1";145;42,69;"AB";"BB"
"123";"63";"36";"Female";"2";98;33,99;"BB";"BB"
"124";"63";"36";"Female";"2";105;31,13;"AB";"BB"
"125";"63";"36";"Female";"2";125;37,47;"AA";"AB"
"126";"63";"36";"Female";"2";94;33,68;"BB";"BB"
"127";"63";"36";"Male";"2";113;38,39;"BB";"AA"
"128";"63";"36";"Male";"2";169;42,24;"AB";"AA"
"129";"63";"36";"Male";"2";124;43,57;"AB";"AB"
"130";"63";"36";"Female";"3";102;36,22;"BB";"AA"
"131";"63";"36";"Female";"3";96;32,5;"AB";"BB"
"132";"63";"36";"Female";"3";111;38,21;"BB";"AB"
"133";"63";"36";"Female";"3";106;30,31;"AA";"BB"
"134";"63";"36";"Male";"3";204;39,41;"AB";"AB"
"135";"63";"36";"Male";"3";156;48,68;"AB";"AB"
"136";"63";"36";"Male";"3";184;48,54;"AB";"AB"
"137";"63";"36";"Male";"3";141;42,86;"AB";"AB"
"138";"63";"37";"Female";"2";127;31,88;"AA";"BB"
"139";"63";"37";"Female";"2";142;35,15;"AA";"AA"
"140";"63";"37";"Female";"2";156;35,96;"AB";"AB"
"141";"63";"37";"Female";"2";114;37,3;"AB";"BB"
"142";"63";"37";"Male";"2";114;39,08;"AB";"AB"
"143";"63";"37";"Male";"2";110;38,16;"AA";"AB"
"144";"63";"37";"Male";"2";224;46,84;"AA";"AB"
"145";"63";"37";"Male";"2";206;37,82;"AB";"AB"
"146";"63";"37";"Female";"3";145;35,57;"AB";"BB"
"147";"63";"37";"Female";"3";122;40,6;"AB";"AB"
"148";"63";"37";"Female";"3";86;31,16;"AB";"AB"
"149";"63";"37";"Female";"3";134;41,38;"AA";"AB"
"150";"63";"37";"Male";"3";138;39,76;"AB";"BB"
"151";"63";"37";"Male";"3";178;44,55;"AA";"AB"
"152";"63";"37";"Male";"3";166;43,21;"AA";"AA"
"153";"63";"37";"Male";"3";158;49,51;"AB";"AB"
"154";"63";"38";"Female";"1";142;38,95;"AB";"AB"
"155";"63";"38";"Female";"1";134;38,52;"AB";"AA"
"156";"63";"38";"Female";"1";129;31,04;"AA";"AB"
"157";"63";"38";"Female";"1";133;32,24;"AA";"AA"
"158";"63";"38";"Male";"1";139;42,06;"AA";"AB"
"159";"63";"38";"Male";"1";149;47,52;"AB";"AB"
"160";"63";"38";"Male";"1";128;37,93;"AB";"AB"
"161";"63";"38";"Male";"1";118;40,6;"AB";"AA"
"162";"63";"38";"Female";"2";88;31,05;"AB";"AA"
"163";"63";"38";"Female";"2";87;34,04;"AA";"AB"
"164";"63";"38";"Female";"2";133;30,57;"AB";"AB"
"165";"63";"38";"Female";"2";118;33,54;"AB";"AB"
"166";"63";"38";"Male";"2";102;36,81;"AB";"AB"
"167";"63";"38";"Male";"2";95;40,52;"AA";"BB"
"168";"63";"38";"Male";"2";151;40,39;"AB";"AB"
"169";"63";"38";"Male";"2";110;38,11;"AA";"AB"
"170";"63";"39";"Female";"1";158;39,7;"BB";"AA"
"171";"63";"39";"Female";"1";120;33,66;"AA";"BB"
"172";"63";"39";"Female";"1";144;37,97;"AB";"BB"
"173";"63";"39";"Female";"1";141;39,36;"AB";"AA"
"174";"63";"39";"Male";"1";158;46,5;"AA";"AB"
"175";"63";"39";"Male";"1";135;46,25;"AB";"AA"
"176";"63";"39";"Male";"1";170;44,16;"AA";"AA"
"177";"63";"39";"Male";"1";163;42,99;"AB";"AB"
"178";"63";"39";"Female";"2";109;37,57;"AB";"AB"
"179";"63";"39";"Female";"2";97;30,46;"BB";"BB"
"180";"63";"39";"Female";"2";115;37,79;"BB";"AB"
"181";"63";"39";"Female";"2";109;36,43;"AB";"AB"
"182";"63";"39";"Male";"2";123;32,98;"AB";"BB"
"183";"63";"39";"Male";"2";95;29,24;"AA";"BB"
"184";"63";"39";"Male";"2";111;34,66;"BB";"BB"
"185";"63";"39";"Male";"2";126;43,71;"AB";"AB"
"186";"63";"39";"Female";"3";133;40,21;"AB";"AB"
"187";"63";"39";"Female";"3";130;36,7;"AB";"AA"
"188";"63";"39";"Female";"3";127;34,71;"AA";"AB"
"189";"63";"39";"Female";"3";131;39,6;"AA";"AA"
"190";"63";"39";"Male";"3";238;50,24;"BB";"AA"
"191";"63";"39";"Male";"3";182;43,33;"BB";"AB"
"192";"63";"39";"Male";"3";218;47,86;"AB";"AB"
"193";"63";"39";"Male";"3";153;48,67;"BB";"AB"
"194";"69";"41";"Female";"1";124;35,34;"AB";"AA"
"195";"69";"41";"Female";"1";116;37,94;"BB";NA
"196";"69";"41";"Female";"1";105;26,74;"AA";"AB"
"197";"69";"41";"Female";"1";108;31,33;"AB";"AB"
"198";"69";"41";"Male";"1";139;39,11;"AB";"AA"
"199";"69";"41";"Male";"1";156;38,54;"AA";"AA"
"200";"69";"41";"Male";"1";131;38,13;"AB";"AB"
"201";"69";"41";"Male";"1";145;36,52;"AB";"AA"
"202";"69";"41";"Female";"2";100;25,06;"AB";"AA"
"203";"69";"41";"Female";"2";172;33,89;"AA";"AB"
"204";"69";"41";"Female";"2";136;39,18;"BB";"AA"
"205";"69";"41";"Female";"2";92;31,34;"AB";"AB"
"206";"69";"41";"Male";"2";192;41,92;"BB";"AB"
"207";"69";"41";"Male";"2";230;40,04;"AA";"AB"
"208";"69";"41";"Male";"2";134;50,99;"BB";"AA"
"209";"69";"41";"Male";"2";94;35,32;"AB";"AA"
"210";"69";"41";"Female";"3";128;42,34;"BB";"BB"
"211";"69";"41";"Female";"3";115;37,01;"BB";"BB"
"212";"69";"41";"Female";"3";147;58,74;"BB";"AA"
"213";"69";"41";"Female";"3";150;45,14;"AA";"AB"
"214";"69";"41";"Male";"3";147;48,55;"AB";"AA"
"215";"69";"41";"Male";"3";156;53,12;"AB";"AB"
"216";"69";"41";"Male";"3";171;51,32;"AB";"AA"
"217";"69";"42";"Female";"1";247;36,54;"AA";"AA"
"218";"69";"42";"Female";"1";106;29,61;"AA";"BB"
"219";"69";"42";"Female";"1";137;39,64;"AB";"AA"
"220";"69";"42";"Female";"1";146;31,85;"AA";"AB"
"221";"69";"42";"Male";"1";193;45,74;"AB";"AB"
"222";"69";"42";"Male";"1";148;45,22;"BB";NA
"223";"69";"42";"Male";"1";162;42,76;"AB";"BB"
"224";"69";"42";"Male";"1";156;49,62;"BB";"BB"
"225";"69";"42";"Female";"2";130;38,75;"BB";"AA"
"226";"69";"42";"Female";"2";117;32,47;"AA";"AA"
"227";"69";"42";"Female";"2";97;33,9;"AB";"AA"
"228";"69";"42";"Female";"2";99;38,8;"AB";"AB"
"229";"69";"42";"Male";"2";119;38,26;"AA";"BB"
"230";"69";"42";"Male";"2";147;52,65;"BB";"BB"
"231";"69";"42";"Male";"2";166;48,67;"BB";"AA"
"232";"69";"42";"Male";"2";147;50,72;"BB";"AB"
"233";"69";"43";"Female";"1";134;36,03;"BB";"AB"
"234";"69";"43";"Female";"1";135;33,85;"BB";"BB"
"235";"69";"43";"Female";"1";134;28,7;"AB";"BB"
"236";"69";"43";"Female";"1";128;36,06;"BB";"AB"
"237";"69";"43";"Male";"1";142;47,12;"BB";"AA"
"238";"69";"43";"Male";"1";176;41,07;"AA";"AB"
"239";"69";"43";"Male";"1";181;52,64;"BB";"AB"
"240";"69";"43";"Male";"1";131;44,87;"BB";"AB"
"241";"69";"43";"Female";"2";109;35,43;"AB";"AB"
"242";"69";"43";"Female";"2";115;29,38;"AB";"BB"
"243";"69";"43";"Female";"2";78;28,86;"BB";"BB"
"244";"69";"43";"Female";"2";102;35,48;"BB";"AB"
"245";"69";"43";"Male";"2";152;40,66;"BB";"BB"
"246";"69";"43";"Male";"2";131;41,1;"AB";"AB"
"247";"69";"43";"Male";"2";166;48,19;"AB";"AB"
"248";"69";"43";"Male";"2";175;44,92;"AB";"AB"
"249";"69";"43";"Female";"3";122;40,53;"AB";"BB"
"250";"69";"43";"Female";"3";116;37,06;"AB";"AB"
"251";"69";"43";"Female";"3";146;44,47;"BB";"AB"
"252";"69";"43";"Female";"3";111;35,57;"AB";"AB"
"253";"69";"43";"Male";"3";164;48,81;"AA";"AB"
"254";"69";"43";"Male";"3";158;60,28;"AB";"AA"
"255";"69";"43";"Male";"3";144;48,47;"BB";"AB"
"256";"69";"43";"Male";"3";186;51,81;"AB";"AB"
"257";"69";"44";"Female";"1";132;31,92;"AB";"BB"
"258";"69";"44";"Female";"1";138;31,68;"AB";"AA"
"259";"69";"44";"Female";"1";115;35,68;"BB";"AB"
"260";"69";"44";"Female";"1";106;34,18;"AB";"BB"
"261";"69";"44";"Female";"1";145;35,08;"AB";"AB"
"262";"69";"44";"Male";"1";158;43,21;"AA";"BB"
"263";"69";"44";"Male";"1";166;41,84;"AB";"AB"
"264";"69";"44";"Male";"1";163;46,69;"BB";"AB"
"265";"69";"44";"Female";"2";111;30,61;"BB";"AB"
"266";"69";"44";"Female";"2";137;34,34;"AB";"AB"
"267";"69";"44";"Female";"2";104;30,65;"AB";"AB"
"268";"69";"44";"Female";"2";145;45,59;"AB";"AB"
"269";"69";"44";"Male";"2";165;40,72;"AB";"AA"
"270";"69";"44";"Male";"2";179;47,62;"AB";"AB"
"271";"69";"44";"Male";"2";185;48,49;"AA";"AB"
"272";"69";"44";"Male";"2";151;48,67;"BB";"AA"
"273";"69";"44";"Female";"3";142;49,6;"AB";"AB"
"274";"69";"44";"Female";"3";101;37,3;"AB";"BB"
"275";"69";"44";"Female";"3";130;36,65;"AA";"AA"
"276";"69";"44";"Female";"3";121;32,28;"AA";"AB"
"277";"69";"44";"Male";"3";197;42,84;"AA";"BB"
"278";"69";"44";"Male";"3";153;48,81;"BB";"AB"
"279";"69";"44";"Male";"3";154;44,09;"AA";"AB"
"280";"69";"44";"Male";"3";143;49,99;"AB";"BB"
"281";"69";"45";"Female";"1";124;36,25;"AA";"BB"
"282";"69";"45";"Female";"1";133;31,04;"AB";"AA"
"283";"69";"45";"Female";"1";132;35,42;"AB";"AB"
"284";"69";"45";"Male";"1";166;40,73;"AA";"AB"
"285";"69";"45";"Male";"1";132;36,78;"AA";"BB"
"286";"69";"45";"Male";"1";102;42,6;"AA";"AA"
"287";"69";"45";"Male";"1";137;39,43;"AA";"BB"
"288";"69";"45";"Male";"1";157;41,78;"AA";"BB"
"289";"69";"45";"Female";"2";170;36,29;"AB";"AB"
"290";"69";"45";"Female";"2";133;31,52;"AB";"AA"
"291";"69";"45";"Female";"2";129;34,8;"AB";"AA"
"292";"69";"45";"Female";"2";136;30,3;"AA";"AB"
"293";"69";"45";"Male";"2";153;40,42;"AA";NA
"294";"69";"45";"Male";"2";148;49,3;"AA";"AA"
"295";"69";"45";"Male";"2";163;44,3;"AB";"AB"
"296";"69";"45";"Male";"2";174;46,48;"AA";"BB"
"297";"85";"70";"Female";"1";119;31,55;"AB";"AB"
"298";"85";"70";"Female";"1";121;31,3;"AA";"AA"
"299";"85";"70";"Female";"1";127;28,74;"AA";"AB"
"300";"85";"70";"Female";"1";138;30,63;"AB";"BB"
"301";"85";"70";"Male";"1";156;41,88;"AB";"BB"
"302";"85";"70";"Male";"1";187;39,79;"AA";"AB"
"303";"85";"70";"Male";"1";208;44,65;"AB";"AB"
"304";"85";"70";"Male";"1";120;43,71;"AB";"AA"
"305";"85";"70";"Female";"2";129;35,23;"AB";"AB"
"306";"85";"70";"Female";"2";88;32,88;"AA";"AA"
"307";"85";"70";"Female";"2";145;36,42;"AB";"AA"
"308";"85";"70";"Male";"2";155;39,53;"AA";"AB"
"309";"85";"70";"Male";"2";167;42,09;"AA";"AB"
"310";"85";"70";"Male";"2";151;37,05;"AA";"AB"
"311";"85";"70";"Male";"2";136;41,41;"AB";"BB"
"312";"85";"71";"Female";"1";138;32,26;"AB";"AB"
"313";"85";"71";"Female";"1";118;36,24;"AB";"AA"
"314";"85";"71";"Female";"1";127;34,16;"AA";"BB"
"315";"85";"71";"Male";"1";196;48,19;"AB";"BB"
"316";"85";"71";"Male";"1";225;45,61;"AA";"AB"
"317";"85";"71";"Female";"2";100;32,02;"AB";"AB"
"318";"85";"71";"Female";"2";121;39,9;"AB";"AB"
"319";"85";"71";"Female";"2";119;34,08;"AB";"BB"
"320";"85";"71";"Female";"2";122;30,48;"AB";"AB"
"321";"85";"71";"Male";"2";122;48,2;"AB";"AB"
"322";"85";"71";"Male";"2";90;43,4;"AB";"AB"
"323";"85";"71";"Male";"2";131;45,68;"AA";"BB"
"324";"85";"71";"Male";"2";187;44,11;"AA";"AA"
"325";"85";"71";"Female";"3";125;40,61;"AB";"AB"
"326";"85";"71";"Female";"3";182;37,53;"AA";"AB"
"327";"85";"71";"Female";"3";136;31,35;"AA";"AA"
"328";"85";"71";"Male";"3";183;45,73;"AA";"AB"
"329";"85";"71";"Male";"3";160;47,83;"AB";"AB"
"330";"85";"71";"Male";"3";171;45,4;"AA";"AB"
"331";"85";"26";"Female";"1";130;34,15;"AA";"AA"
"332";"85";"26";"Female";"1";171;30,72;"AA";"BB"
"333";"85";"26";"Female";"1";143;32,57;"AA";"AB"
"334";"85";"26";"Female";"1";130;30,49;"AA";"AB"
"335";"85";"26";"Male";"1";145;37,51;"AA";"BB"
"336";"85";"26";"Male";"1";116;39,81;"AA";"AA"
"337";"85";"26";"Male";"1";107;32,61;"AA";"AA"
"338";"85";"26";"Male";"1";178;36,06;"AA";"AB"
"339";"85";"26";"Female";"2";125;29,02;"AA";"AA"
"340";"85";"26";"Female";"2";122;34,91;"AA";"AB"
"341";"85";"26";"Female";"2";103;29,94;"AA";"BB"
"342";"85";"26";"Female";"2";108;30,41;"AA";"AB"
"343";"85";"26";"Male";"2";115;41,12;"AA";"AB"
"344";"85";"26";"Male";"2";184;44,63;"AA";"AB"
"345";"85";"26";"Male";"2";154;38,68;"AA";"BB"
"346";"85";"26";"Male";"2";136;35,54;"AA";"BB"
"347";"85";"26";"Female";"3";145;33,64;"AA";"AB"
"348";"85";"26";"Female";"3";126;35,37;"AA";"AA"
"349";"85";"26";"Female";"3";95;31,94;"AA";"BB"
"350";"85";"26";"Female";"3";129;34,26;"AA";"AB"
"351";"85";"26";"Male";"3";144;40,11;"AA";"AB"
"352";"85";"26";"Male";"3";126;43,54;"AA";"AA"
"353";"85";"26";"Male";"3";142;42,14;"AA";"AB"
"354";"85";"26";"Male";"3";193;37,53;"AA";"AB"
"355";"85";"27";"Female";"1";138;33,1;"AA";"BB"
"356";"85";"27";"Female";"1";122;32,6;"AA";"BB"
"357";"85";"27";"Female";"1";135;32,4;"AB";"AB"
"358";"85";"27";"Female";"1";185;40,4;"AB";"AB"
"359";"85";"27";"Male";"1";186;39,9;"AB";"BB"
"360";"85";"27";"Male";"1";203;46,3;"AB";"AB"
"361";"85";"27";"Male";"1";263;43,6;"AA";"AB"
"362";"85";"27";"Male";"1";271;48,7;"AB";"BB"
"363";"85";"27";"Female";"3";87;29,57;"AB";"AB"
"364";"85";"27";"Female";"3";118;35,42;"AB";"AB"
"365";"85";"27";"Female";"3";113;34,68;"AB";"AB"
"366";"85";"27";"Female";"3";153;45,43;"AB";"AA"
"367";"85";"27";"Male";"3";149;46,34;"AB";"AB"
"368";"85";"27";"Male";"3";148;44,91;"AA";"AA"
"369";"85";"27";"Male";"3";150;43,07;"AA";"AA"
"370";"85";"27";"Male";"3";130;50,84;"AB";"BB"
"371";"79";"73";"Female";"1";154;32,2;"AA";"AA"
"372";"79";"73";"Female";"1";168;32,1;"AA";"BB"
"373";"79";"73";"Female";"1";193;36,95;"AB";"AB"
"374";"79";"73";"Female";"1";171;36,86;"AB";"BB"
"375";"79";"73";"Male";"1";203;51,17;"AB";"AA"
"376";"79";"73";"Male";"1";151;51,4;"AB";"AB"
"377";"79";"73";"Male";"1";201;43,07;"AB";"BB"
"378";"79";"73";"Male";"1";282;44,44;"AA";"AB"
"379";"79";"73";"Female";"2";121;43,4;"AB";"AB"
"380";"79";"73";"Female";"2";106;31,4;"AA";"AB"
"381";"79";"73";"Female";"2";105;41,59;"AB";"AB"
"382";"79";"73";"Female";"2";113;35,97;"AB";"AB"
"383";"79";"73";"Male";"2";93;37,43;"BB";"AB"
"384";"79";"73";"Male";"2";118;40,69;"AB";"BB"
"385";"79";"73";"Male";"2";137;40,43;"BB";"AB"
"386";"79";"73";"Male";"2";163;39,1;"AB";"AB"
"387";"79";"73";"Female";"3";142;34,35;"AB";"AB"
"388";"79";"73";"Female";"3";123;40,88;"AB";"AA"
"389";"79";"73";"Female";"3";93;33;"AA";"AB"
"390";"79";"73";"Male";"3";179;44,72;"AB";"AB"
"391";"79";"73";"Male";"3";237;47,28;"AB";"BB"
"392";"79";"73";"Male";"3";163;44,49;"AA";"AB"
"393";"79";"73";"Male";"3";161;47,61;"AB";"AA"
"394";"79";"74";"Female";"1";125;32,72;"AA";"AA"
"395";"79";"74";"Female";"1";139;31,82;"AB";"AB"
"396";"79";"74";"Female";"1";141;36,65;"BB";"AB"
"397";"79";"74";"Female";"1";126;30,65;"BB";"BB"
"398";"79";"74";"Male";"1";229;44,56;"AB";"AA"
"399";"79";"74";"Male";"1";202;44,79;"AB";"AA"
"400";"79";"74";"Male";"1";145;40,73;"AB";"AB"
"401";"79";"74";"Male";"1";192;42,73;"AB";"AA"
"402";"79";"74";"Female";"2";121;29,81;"BB";"AB"
"403";"79";"74";"Female";"2";133;31,81;"AB";"AA"
"404";"79";"74";"Female";"2";137;30,01;"AB";"BB"
"405";"79";"74";"Female";"2";115;31,16;"AB";"AB"
"406";"79";"74";"Male";"2";175;45,56;"AB";"AB"
"407";"79";"74";"Male";"2";137;37,64;"AA";"AB"
"408";"79";"74";"Male";"2";163;37,04;"AA";"AA"
"409";"79";"74";"Male";"2";135;38,36;"AA";"AB"
"410";"79";"74";"Female";"3";127;40,41;"AB";"AB"
"411";"79";"74";"Female";"3";137;41,85;"BB";"AB"
"412";"79";"74";"Female";"3";129;38,5;"AA";"AA"
"413";"79";"74";"Female";"3";142;35,03;"AA";"BB"
"414";"79";"74";"Male";"3";185;44,41;"AA";"AB"
"415";"79";"74";"Male";"3";109;38,9;"AB";"BB"
"416";"79";"74";"Male";"3";124;45,61;"AA";"AB"
"417";"79";"74";"Male";"3";143;46,88;"AB";"AB"
"418";"79";"75";"Female";"1";153;43,91;"AB";"AB"
"419";"79";"75";"Female";"1";161;38,55;"AB";"AB"
"420";"79";"75";"Female";"1";136;45,17;"BB";"AA"
"421";"79";"75";"Female";"1";165;35,95;"AB";"BB"
"422";"79";"75";"Male";"1";152;34,11;"AA";"AB"
"423";"79";"75";"Male";"1";184;44,9;"AB";"BB"
"424";"79";"75";"Male";"1";175;52,8;"BB";"AB"
"425";"79";"75";"Male";"1";193;44,6;"AB";"AA"
"426";"79";"75";"Female";"2";124;31,08;"AB";"AB"
"427";"79";"75";"Female";"2";84;27,76;"AA";"BB"
"428";"79";"75";"Female";"2";150;38,64;"AB";"AB"
"429";"79";"75";"Female";"2";133;37,52;"AB";"AB"
"430";"79";"75";"Male";"2";174;47,06;"AA";"AB"
"431";"79";"75";"Male";"2";173;41,76;"BB";"BB"
"432";"79";"75";"Male";"2";164;41,05;"AB";"AA"
"433";"79";"75";"Male";"2";158;49,71;"AB";"AA"
"434";"79";"75";"Female";"3";113;35,2;"AA";"AB"
"435";"79";"75";"Female";"3";152;39,57;"BB";"BB"
"436";"79";"75";"Female";"3";124;41,75;"AB";"AB"
"437";"79";"75";"Male";"3";149;44,88;"BB";"AB"
"438";"79";"75";"Male";"3";194;42,09;"AB";"BB"
"439";"79";"75";"Male";"3";184;48,62;"AA";"BB"
"440";"79";"75";"Male";"3";143;44,94;"AB";"BB"
"441";"79";"76";"Female";"1";142;39,3;"AB";"AB"
"442";"79";"76";"Female";"1";132;28,8;"AA";"BB"
"443";"79";"76";"Female";"1";115;34,8;"AA";"AB"
"444";"79";"76";"Female";"1";108;37,54;"AB";"BB"
"445";"79";"76";"Male";"1";267;48,98;"AB";"AA"
"446";"79";"76";"Male";"1";218;47,13;"BB";"AB"
"447";"79";"76";"Male";"1";147;47,17;"AB";"AA"
"448";"79";"76";"Male";"1";138;37,8;"AB";"AB"
"449";"79";"76";"Female";"2";91;27;"AA";"AB"
"450";"79";"76";"Female";"2";116;34,67;"AA";"BB"
"451";"79";"76";"Female";"2";122;34,62;"AB";"AB"
"452";"79";"76";"Female";"2";126;36,88;"AB";"AB"
"453";"79";"76";"Male";"2";172;43,86;"AB";"BB"
"454";"79";"76";"Male";"2";160;45;"AB";"AB"
"455";"79";"76";"Male";"2";170;44,19;"AA";"BB"
"456";"79";"76";"Male";"2";221;47,86;"AB";"AA"
"457";"79";"76";"Female";"3";139;40,8;"AB";"BB"
"458";"79";"76";"Female";"3";100;38,95;"AB";"AA"
"459";"79";"76";"Female";"3";144;46,94;"AB";"AB"
"460";"79";"76";"Female";"3";114;37,38;"BB";"BB"
"461";"79";"76";"Male";"3";99;49,454;"AA";"AA"
"462";"79";"76";"Male";"3";142;46,92;"AB";"AB"
"463";"79";"76";"Male";"3";100;51,81;"AB";"AA"
"464";"79";"76";"Male";"3";118;46;"AA";"BB"
"465";"79";"77";"Female";"1";144;33,54;"AB";"BB"
"466";"79";"77";"Female";"1";156;37,16;"BB";"AB"
"467";"79";"77";"Female";"1";186;43,45;"AB";"AB"
"468";"79";"77";"Female";"1";156;33,55;"AA";"AB"
"469";"79";"77";"Male";"1";165;38,33;"AB";"AB"
"470";"79";"77";"Male";"1";273;44,49;"AB";"AA"
"471";"79";"77";"Male";"1";201;45,23;"BB";"BB"
"472";"79";"77";"Male";"1";165;35,83;"AB";"BB"
"473";"79";"77";"Female";"2";140;41,4;"AB";"AA"
"474";"79";"77";"Female";"2";142;40,03;"AA";"AA"
"475";"79";"77";"Female";"2";143;37,01;"AA";"AB"
"476";"79";"77";"Female";"2";142;39,13;"BB";"AA"
"477";"79";"77";"Male";"2";121;40,91;"AB";"AB"
"478";"79";"77";"Male";"2";122;39,57;"BB";"AB"
"479";"79";"77";"Male";"2";161;49,97;"BB";"BB"
"480";"79";"77";"Male";"2";119;40,64;"AB";"AB"
"481";"79";"77";"Female";"3";127;29,75;"AA";"AA"
"482";"79";"77";"Female";"3";141;31,65;"AA";"AB"
"483";"79";"77";"Female";"3";138;35,49;"AB";"AA"
"484";"79";"77";"Female";"3";141;36,58;"BB";"AA"
"485";"79";"77";"Male";"3";170;54,2;"AB";"AA"
"486";"79";"77";"Male";"3";223;41,59;"AB";"AB"
"487";"79";"77";"Male";"3";202;45,83;"AB";"AB"
"488";"79";"77";"Male";"3";170;46,95;"AB";"BB"
"489";"28";"58";"Female";"1";160;33,2;"AB";"AB"
"490";"28";"58";"Female";"1";179;30,5;"AB";"AB"
"491";"28";"58";"Female";"1";117;26,7;"AA";"BB"
"492";"28";"58";"Female";"1";113;35,4;"AB";"BB"
"493";"28";"58";"Male";"1";128;36,4;"AB";"BB"
"494";"28";"58";"Male";"1";146;39,9;"AA";"AA"
"495";"28";"58";"Male";"1";149;40,1;"AB";"AB"
"496";"28";"58";"Male";"1";157;39,8;"AA";"AB"
"497";"28";"58";"Female";"2";106;32,39;"AB";"AB"
"498";"28";"58";"Female";"2";113;31,12;"AA";"AA"
"499";"28";"58";"Female";"2";81;26,67;"AA";"BB"
"500";"28";"58";"Female";"2";139;30,08;"AB";"AB"
"501";"28";"58";"Male";"2";130;31,97;"AB";"BB"
"502";"28";"58";"Male";"2";134;38,12;"AA";"BB"
"503";"28";"58";"Male";"2";114;36,12;"AA";"BB"
"504";"28";"58";"Male";"2";84;34,44;"AB";"AA"
"505";"28";"58";"Female";"3";96;42,16;"AB";"AA"
"506";"28";"58";"Female";"3";142;33,73;"AB";NA
"507";"28";"58";"Female";"3";109;34,76;"AB";"BB"
"508";"28";"58";"Female";"3";103;32,07;"AA";"AA"
"509";"28";"58";"Male";"3";148;42,95;"AA";NA
"510";"28";"58";"Male";"3";113;38,68;"AB";"AB"
"511";"28";"58";"Male";"3";118;44,62;"AA";"AB"
"512";"28";"58";"Male";"3";137;46,14;"AB";"AB"
"513";"28";"59";"Female";"1";84;27,98;"AA";"AB"
"514";"28";"59";"Female";"1";109;35,72;"AA";"BB"
"515";"28";"59";"Female";"1";97;30,48;"AA";"AB"
"516";"28";"59";"Female";"1";108;33,15;"AA";"AA"
"517";"28";"59";"Male";"1";125;41,1;"AA";"AB"
"518";"28";"59";"Male";"1";120;33,65;"AA";"BB"
"519";"28";"59";"Male";"1";143;40,99;"AA";"AA"
"520";"28";"59";"Male";"1";128;36,34;"AA";"AB"
"521";"28";"59";"Female";"2";90;33,58;"AA";"AB"
"522";"28";"59";"Female";"2";135;32,92;"AA";"AA"
"523";"28";"59";"Female";"2";123;31,69;"AA";"AA"
"524";"28";"59";"Female";"2";100;31,3;"AA";"AB"
"525";"28";"59";"Male";"2";127;44,28;"AA";"AB"
"526";"28";"59";"Male";"2";183;43,13;"AA";"AB"
"527";"28";"59";"Male";"2";162;47,56;"AA";"AB"
"528";"28";"59";"Male";"2";134;40,3;"AA";"BB"
"529";"28";"59";"Female";"3";143;34,55;"AA";"AB"
"530";"28";"59";"Female";"3";119;31,99;"AA";"AB"
"531";"28";"59";"Male";"3";163;46,76;"AA";"AB"
"532";"28";"59";"Male";"3";185;42,21;"AA";"AB"
"533";"28";"59";"Male";"3";136;45,1;"AA";"AB"
"534";"28";"60";"Female";"1";130;34,6;"AA";"BB"
"535";"28";"60";"Female";"1";148;38,12;"AB";"BB"
"536";"28";"60";"Female";"1";172;34,08;"AA";"AB"
"537";"28";"60";"Female";"1";144;37,2;"AB";"AA"
"538";"28";"60";"Male";"1";289;50,88;"AA";"AB"
"539";"28";"60";"Male";"1";198;46,33;"AA";"AB"
"540";"28";"60";"Male";"1";171;46,55;"AA";"AB"
"541";"28";"60";"Male";"1";206;49,4;"AA";"BB"
"542";"28";"60";"Female";"2";127;28,94;"AA";"AB"
"543";"28";"60";"Female";"2";129;32,46;"AA";"AB"
"544";"28";"60";"Female";"2";164;34,8;"AB";"BB"
"545";"28";"60";"Female";"2";194;33,41;"AB";"AB"
"546";"28";"60";"Male";"2";153;37,22;"AA";"AA"
"547";"28";"60";"Male";"2";175;48,99;"AB";"BB"
"548";"28";"60";"Male";"2";183;44,84;"AB";"AA"
"549";"28";"60";"Male";"2";284;48,73;"AB";"AB"
"550";"28";"60";"Female";"3";140;39,46;"AA";"AB"
"551";"28";"60";"Female";"3";106;29,31;"AA";"BB"
"552";"28";"60";"Female";"3";144;36,63;"AA";"AA"
"553";"28";"60";"Female";"3";122;34,2;"AB";"AA"
"554";"28";"60";"Male";"3";117;37,02;"AA";"AB"
"555";"28";"60";"Male";"3";120;47,82;"AB";"AB"
"556";"28";"60";"Male";"3";132;51,91;"AB";"AA"
"557";"28";"60";"Male";"3";147;44,24;"AA";"AB"
"558";"28";"61";"Female";"1";146;28,09;"AA";"AB"
"559";"28";"61";"Female";"1";147;35,59;"AB";"BB"
"560";"28";"61";"Female";"1";188;32,81;"AB";"AB"
"561";"28";"61";"Male";"1";252;51,28;"AB";"AB"
"562";"28";"61";"Male";"1";172;48,39;"AB";"AB"
"563";"28";"61";"Male";"1";178;43,92;"AB";"AB"
"564";"28";"61";"Male";"1";176;43,08;"AB";"AB"
"565";"28";"61";"Male";"1";197;37,64;"AA";"AB"
"566";"28";"61";"Female";"2";132;33,14;"AB";"AA"
"567";"28";"61";"Female";"2";130;33,8;"AB";"AB"
"568";"28";"61";"Female";"2";126;33,13;"AA";"AB"
"569";"28";"61";"Female";"2";147;46,88;"AB";"BB"
"570";"28";"61";"Male";"2";173;46,05;"AA";"AA"
"571";"28";"61";"Male";"2";125;33,83;"AA";"AB"
"572";"28";"61";"Male";"2";129;35,91;"AB";"AA"
"573";"28";"61";"Male";"2";117;45,5;"AB";"AB"
"574";"28";"61";"Female";"3";116;29,36;"AA";"BB"
"575";"28";"61";"Female";"3";108;33,11;"AA";"BB"
"576";"28";"61";"Male";"3";116;43,96;"AB";"AB"
"577";"28";"61";"Male";"3";214;40,13;"AA";"BB"
"578";"28";"61";"Male";"3";148;47,95;"AA";"AA"
"579";"28";"62";"Female";"1";137;30,87;"AA";"AB"
"580";"28";"62";"Female";"1";100;34,48;"AA";"AB"
"581";"28";"62";"Female";"1";92;28,49;"AA";"AB"
"582";"28";"62";"Female";"1";103;37,98;"AA";"BB"
"583";"28";"62";"Male";"1";204;38,78;"AA";"AB"
"584";"28";"62";"Female";"1";97;35,69;"AA";"AA"
"585";"28";"62";"Male";"1";155;40,82;"AA";"BB"
"586";"28";"62";"Male";"1";130;37,25;"AA";"AA"
"587";"28";"62";"Female";"2";103;34,68;"AA";"AA"
"588";"28";"62";"Female";"2";126;36,67;"AA";"AB"
"589";"28";"62";"Female";"2";118;34,22;"AA";"AB"
"590";"28";"62";"Female";"2";100;32,2;"AA";"BB"
"591";"28";"62";"Male";"2";120;44,57;"AA";"AB"
"592";"28";"62";"Male";"2";132;48,77;"AA";"AB"
"593";"28";"62";"Male";"2";148;46,29;"AA";"BB"
"594";"28";"62";"Male";"2";149;41,19;"AA";"AB"
"595";"28";"62";"Female";"3";124;37,04;"AA";"AB"
"596";"28";"62";"Female";"3";134;34,54;"AA";"AB"
"597";"28";"62";"Female";"3";120;32,37;"AA";"AA"
"598";"28";"62";"Female";"3";135;34,35;"AA";"AB"
"599";"28";"62";"Male";"3";143;37,62;"AA";"BB"
"600";"28";"62";"Male";"3";166;44,85;"AA";"AB"
"601";"28";"62";"Male";"3";148;39,14;"AA";"AB"
"602";"28";"62";"Male";"3";185;46,55;"AA";"AB"
"603";"25";"64";"Female";"1";155;40,47;"AA";"AB"
"604";"25";"64";"Female";"1";154;38,85;"AB";"BB"
"605";"25";"64";"Female";"1";177;37,13;"AB";"AA"
"606";"25";"64";"Female";"1";139;40,23;"AB";"AB"
"607";"25";"64";"Male";"1";188;47,23;"AB";"AA"
"608";"25";"64";"Male";"1";217;51,67;"AB";"AB"
"609";"25";"64";"Male";"1";194;42,57;"AA";"AA"
"610";"25";"64";"Male";"1";188;45,91;"AA";"AB"
"611";"25";"64";"Female";"2";137;35,14;"AA";"AB"
"612";"25";"64";"Female";"2";132;36,14;"AA";"AB"
"613";"25";"64";"Female";"2";163;40,31;"AA";"AB"
"614";"25";"64";"Female";"2";204;33,56;"AA";"BB"
"615";"25";"64";"Male";"2";172;47,86;"AA";"AB"
"616";"25";"64";"Male";"2";167;51,11;"AA";"AB"
"617";"25";"64";"Male";"2";154;44,83;"AA";"AB"
"618";"25";"64";"Male";"2";181;47,91;"AB";"AB"
"619";"25";"64";"Female";"3";135;41,43;"AB";"AB"
"620";"25";"64";"Female";"3";117;29,91;"AA";"BB"
"621";"25";"64";"Female";"3";217;40,17;"AB";"AA"
"622";"25";"64";"Female";"3";155;37,06;"AB";"AB"
"623";"25";"64";"Male";"3";155;43,32;"AB";"AA"
"624";"25";"64";"Male";"3";133;40,19;"AA";"BB"
"625";"25";"64";"Male";"3";172;47,55;"AA";"AB"
"626";"25";"64";"Male";"3";166;40,96;"AA";"AB"
"627";"25";"65";"Female";"1";134;30,41;"AA";"BB"
"628";"25";"65";"Female";"1";95;25,3;"AA";"AB"
"629";"25";"65";"Female";"1";152;41,06;"AB";"AA"
"630";"25";"65";"Female";"1";170;38,94;"AB";"AB"
"631";"25";"65";"Female";"1";112;29,94;"AA";"AA"
"632";"25";"65";"Male";"1";155;37,54;"AA";"BB"
"633";"25";"65";"Male";"1";159;35,65;"AA";"AB"
"634";"25";"65";"Male";"1";215;44,53;"AB";"AB"
"635";"25";"65";"Female";"2";128;30,59;"AB";"BB"
"636";"25";"65";"Female";"2";109;28,57;"AA";"BB"
"637";"25";"65";"Female";"2";112;37,35;"AA";"AA"
"638";"25";"65";"Female";"2";117;31,86;"AA";"BB"
"639";"25";"65";"Male";"2";104;26,42;"AB";"AA"
"640";"25";"65";"Male";"2";140;42,76;"AA";"AB"
"641";"25";"65";"Male";"2";120;41,54;"AA";"AA"
"642";"25";"65";"Male";"2";140;40,47;"AA";"AB"
"643";"25";"65";"Female";"3";110;30,46;"AA";"AA"
"644";"25";"65";"Female";"3";127;34,5;"AA";"AB"
"645";"25";"65";"Female";"3";137;35,3;"AA";"AB"
"646";"25";"65";"Female";"3";103;31,71;"AA";"AB"
"647";"25";"65";"Male";"3";162;56,23;"AB";"AA"
"648";"25";"65";"Male";"3";211;52,77;"AA";"AA"
"649";"25";"65";"Male";"3";191;49,85;"AB";"AB"
"650";"25";"65";"Male";"3";158;47,19;"AB";"BB"
"651";"25";"66";"Female";"1";122;28,5;"AB";"AB"
"652";"25";"66";"Female";"1";146;36,5;"AA";"AB"
"653";"25";"66";"Female";"1";171;32,8;"AB";"AA"
"654";"25";"66";"Female";"1";144;35;"AA";"AA"
"655";"25";"66";"Male";"1";188;44,5;"AA";"AB"
"656";"25";"66";"Male";"1";196;40,3;"AB";"AA"
"657";"25";"66";"Male";"1";244;47,3;"AA";"AB"
"658";"25";"66";"Male";"1";179;40,8;"AA";"AB"
"659";"25";"66";"Female";"2";139;32,97;"AA";"AB"
"660";"25";"66";"Female";"2";75;29,44;"AB";"AB"
"661";"25";"66";"Female";"2";121;28,9;"AB";"AA"
"662";"25";"66";"Female";"2";110;33,23;"AB";"AA"
"663";"25";"66";"Male";"2";110;41,08;"AB";"AB"
"664";"25";"66";"Male";"2";179;43,01;"AB";"AB"
"665";"25";"66";"Male";"2";160;39,75;"AB";"AA"
"666";"25";"66";"Male";"2";164;40,67;"AA";"BB"
"667";"25";"66";"Female";"3";135;36,64;"AB";"AB"
"668";"25";"66";"Female";"3";140;32,85;"AA";"AB"
"669";"25";"66";"Female";"3";164;41,5;"AB";"AB"
"670";"25";"66";"Female";"3";137;34,81;"AA";"AA"
"671";"25";"66";"Male";"3";177;45,24;"AA";"AB"
"672";"25";"66";"Male";"3";137;46,39;"AB";"AA"
"673";"25";"66";"Male";"3";132;40,14;"AB";"BB"
"674";"25";"67";"Female";"1";131;31,19;"AB";"AB"
"675";"25";"67";"Female";"1";125;33,5;"AA";"AA"
"676";"25";"67";"Female";"1";110;33,7;"AA";"AB"
"677";"25";"67";"Male";"1";180;39;"AA";"AA"
"678";"25";"67";"Male";"1";117;46,97;"AB";"AB"
"679";"25";"67";"Male";"1";159;38,05;"AA";"AB"
"680";"25";"67";"Male";"1";165;42;"AA";"AB"
"681";"25";"67";"Female";"2";100;30,56;"AA";"AB"
"682";"25";"67";"Female";"2";126;31,24;"AA";"AA"
"683";"25";"67";"Female";"2";128;31,88;"AA";"AA"
"684";"25";"67";"Male";"2";158;48,4;"AB";"AA"
"685";"25";"67";"Male";"2";153;39,57;"AA";"AB"
"686";"25";"67";"Male";"2";152;41,55;"AB";"BB"
"687";"25";"67";"Male";"2";186;48,63;"AB";"AA"
"688";"25";"67";"Female";"3";138;38,43;"AA";"AA"
"689";"25";"67";"Female";"3";92;38,09;"AB";"AB"
"690";"25";"67";"Female";"3";145;39,81;"AB";"AB"
"691";"25";"67";"Female";"3";136;38,33;"AB";"AB"
"692";"25";"67";"Male";"3";186;43,57;"AA";"AB"
"693";"25";"67";"Male";"3";136;36,09;"AA";"BB"
"694";"25";"67";"Male";"3";175;49,34;"AA";"AA"
"695";"25";"67";"Male";"3";195;42;"AA";"AB"
"696";"25";"68";"Female";"1";145;34,83;"AA";"AB"
"697";"25";"68";"Female";"1";173;39,52;"AB";"BB"
"698";"25";"68";"Female";"1";145;36,07;"AB";"AA"
"699";"25";"68";"Female";"1";164;34,5;"AA";"AB"
"700";"25";"68";"Male";"1";172;40,28;"AA";"BB"
"701";"25";"68";"Male";"1";165;40,6;"AA";"AA"
"702";"25";"68";"Male";"1";240;40,48;"AA";"AA"
"703";"25";"68";"Male";"1";200;35,87;"AA";"BB"
"704";"25";"68";"Female";"2";164;38,59;"AA";"AB"
"705";"25";"68";"Female";"2";80;33,85;"AB";"AA"
"706";"25";"68";"Female";"2";95;33,49;"AB";"BB"
"707";"25";"68";"Female";"2";259;33,94;"AB";"AA"
"708";"25";"68";"Male";"2";126;39,72;"AA";"AB"
"709";"25";"68";"Male";"2";139;44,81;"AB";"AA"
"710";"25";"68";"Male";"2";168;40,65;"AA";"AA"
"711";"25";"68";"Male";"2";97;43,3;"AA";"BB"
"712";"25";"68";"Female";"3";140;39,08;"AB";"AA"
"713";"25";"68";"Female";"3";167;37,53;"AA";"AB"
"714";"25";"68";"Male";"3";154;42,29;"AA";"AB"
"715";"25";"68";"Male";"3";167;40,43;"AA";"AB"
"716";"25";"68";"Male";"3";167;46,38;"AA";"AB"
"717";"25";"68";"Male";"3";205;50,42;"AB";"AB"
"718";"51";"52";"Female";"1";136;30,31;"AB";"BB"
"719";"51";"52";"Female";"1";155;33,71;"AB";"AB"
"720";"51";"52";"Female";"1";159;33,69;"AA";"BB"
"721";"51";"52";"Female";"1";173;23,04;"AA";"BB"
"722";"51";"52";"Male";"1";187;41,6;"AB";"BB"
"723";"51";"52";"Male";"1";219;45,3;"AA";"AA"
"724";"51";"52";"Male";"1";154;43,2;"AB";"BB"
"725";"51";"52";"Male";"1";167;49,1;"AB";"AA"
"726";"51";"52";"Female";"2";99;30;"AA";"AB"
"727";"51";"52";"Female";"2";94;26,83;"AA";"AA"
"728";"51";"52";"Female";"2";139;33,68;"AB";"AA"
"729";"51";"52";"Female";"2";81;26,57;"AB";"BB"
"730";"51";"52";"Male";"2";147;40,41;"AA";"AB"
"731";"51";"52";"Male";"2";115;33,74;"AA";"AA"
"732";"51";"52";"Male";"2";102;36,1;"AB";"AA"
"733";"51";"52";"Male";"2";158;41,75;"AA";"AA"
"734";"51";"53";"Female";"1";166;38;"AB";"AA"
"735";"51";"53";"Female";"1";177;36,3;"AB";"BB"
"736";"51";"53";"Female";"1";184;37,7;"AB";"AA"
"737";"51";"53";"Female";"1";164;35,8;"AB";"BB"
"738";"51";"53";"Male";"1";179;48,5;"AA";"AB"
"739";"51";"53";"Male";"1";142;47,5;"AB";"AA"
"740";"51";"53";"Female";"1";197;34,9;"AA";"BB"
"741";"51";"53";"Female";"2";120;28,56;NA;"AB"
"742";"51";"53";"Female";"2";168;37,03;"AA";"AB"
"743";"51";"53";"Female";"2";132;31,84;"AA";"AB"
"744";"51";"53";"Female";"2";161;35,67;"AA";"AB"
"745";"51";"53";"Male";"2";167;44,29;"AB";"AB"
"746";"51";"53";"Male";"2";188;46,22;"AB";"BB"
"747";"51";"53";"Male";"2";129;35;"AA";"AB"
"748";"51";"53";"Male";"2";198;44,18;"AA";"AB"
"749";"51";"54";"Female";"1";104;31;"AA";"AA"
"750";"51";"54";"Female";"1";127;30,48;"AA";"AB"
"751";"51";"54";"Female";"1";121;30,81;"AB";"BB"
"752";"51";"54";"Female";"1";116;34,03;"AB";"BB"
"753";"51";"54";"Male";"1";159;37,86;"AA";"AA"
"754";"51";"54";"Male";"1";125;42,01;"AA";"AA"
"755";"51";"54";"Male";"1";129;36,58;"AB";"BB"
"756";"51";"54";"Male";"1";107;35,78;"AB";"AB"
"757";"51";"54";"Female";"2";105;27,45;"AA";"AB"
"758";"51";"54";"Female";"2";124;31,15;"AB";"AB"
"759";"51";"54";"Female";"2";118;33,56;"AB";"BB"
"760";"51";"54";"Female";"2";112;29,02;"AB";"AB"
"761";"51";"54";"Male";"2";143;48,4;"AB";"AB"
"762";"51";"54";"Male";"2";142;41,41;"AB";"AB"
"763";"51";"54";"Male";"2";107;38,29;"AA";"AB"
"764";"51";"54";"Male";"2";130;43,72;"AA";"AB"
"765";"51";"55";"Female";"1";134;31,3;"AB";"AA"
"766";"51";"55";"Female";"1";136;27,5;"AB";"AB"
"767";"51";"55";"Female";"1";150;34,7;"AB";"AB"
"768";"51";"55";"Female";"1";151;37,4;"BB";"AB"
"769";"51";"55";"Male";"1";226;50,8;"BB";"AA"
"770";"51";"55";"Male";"1";168;45;"BB";"BB"
"771";"51";"55";"Male";"1";205;48,5;"BB";"AB"
"772";"51";"55";"Male";"1";132;46,4;"AA";"AA"
"773";"51";"55";"Female";"2";133;35,85;"BB";"BB"
"774";"51";"55";"Female";"2";116;30,68;"AA";"BB"
"775";"51";"55";"Female";"2";125;31,57;"AB";"BB"
"776";"51";"55";"Female";"2";133;32,37;"AA";"AA"
"777";"51";"55";"Male";"2";152;44,76;"BB";"AB"
"778";"51";"55";"Male";"2";137;41,41;"AB";"BB"
"779";"51";"55";"Male";"2";149;41,34;"AB";"AA"
"780";"51";"55";"Male";"2";126;34,52;"AB";"AB"
"781";"51";"55";"Female";"3";132;40,02;"AB";"BB"
"782";"51";"55";"Female";"3";122;40,21;"BB";"AB"
"783";"51";"55";"Female";"3";148;37,09;"AA";"AB"
"784";"51";"55";"Female";"3";133;39,29;"BB";"BB"
"785";"51";"55";"Male";"3";166;42,22;"AB";"AB"
"786";"51";"55";"Male";"3";163;40,35;"AB";"AB"
"787";"51";"55";"Male";"3";160;43,76;"AA";"AB"
"788";"51";"55";"Male";"3";204;44,94;"AB";"AB"
"789";"51";"56";"Female";"1";126;27,4;"AB";"AB"
"790";"51";"56";"Female";"1";145;31,5;"AB";"AB"
"791";"51";"56";"Female";"1";171;33,2;"AB";"AB"
"792";"51";"56";"Female";"1";148;33,8;"AA";"AB"
"793";"51";"56";"Male";"1";175;44,6;"AA";"BB"
"794";"51";"56";"Male";"1";177;40,6;"AA";"AA"
"795";"51";"56";"Male";"1";179;40,1;"AA";"AB"
"796";"51";"56";"Male";"1";136;33,1;"AA";"BB"
"797";"51";"56";"Female";"2";121;30,17;"AB";"BB"
"798";"51";"56";"Female";"2";124;36,28;"AB";"AB"
"799";"51";"56";"Female";"2";109;29,25;"AA";"AB"
"800";"51";"56";"Female";"2";145;37,17;"AA";"BB"
"801";"51";"56";"Male";"2";127;38,35;"AB";"AA"
"802";"51";"56";"Male";"2";123;30,93;"AB";"AB"
"803";"51";"56";"Male";"2";112;33,07;"AA";"AB"
"804";"51";"56";"Male";"2";113;36,9;"AA";"AB"
"805";"51";"57";"Female";"1";137;29,6;"AA";"AB"
"806";"51";"57";"Female";"1";240;37,13;"AB";"AB"
"807";"51";"57";"Female";"1";151;33,66;"AB";"AB"
"808";"51";"57";"Male";"1";181;41,63;"AA";"BB"
"809";"51";"57";"Male";"1";181;45,69;"AB";"AA"
"810";"51";"57";"Male";"1";173;44,63;"AA";"BB"
"811";"51";"57";"Male";"1";217;43,68;"AB";"AB"
"812";"51";"57";"Female";"2";109;30,96;"AB";"AA"
"813";"51";"57";"Female";"2";111;32,31;"AA";"BB"
"814";"51";"57";"Female";"2";123;27,96;"AA";"AB"
"815";"51";"57";"Female";"2";82;28,81;"AB";"BB"
"816";"51";"57";"Male";"2";117;40,03;"AB";"AB"
"817";"51";"57";"Male";"2";124;44,04;"AB";"AA"
"818";"51";"57";"Male";"2";143;39,61;"AA";"AB"
"819";"51";"57";"Male";"2";171;34,24;"AA";"BB"
"820";"51";"57";"Female";"3";135;44,24;"AB";"AA"
"821";"51";"57";"Female";"3";108;35,59;"AA";"BB"
"822";"51";"57";"Female";"3";123;35,68;"AA";"AA"
"823";"51";"57";"Female";"3";117;32,9;"AA";"AB"
"824";"51";"57";"Male";"3";169;43,81;"AB";"AB"
"825";"51";"57";"Male";"3";169;44,82;"AA";"AB"
"826";"51";"57";"Male";"3";152;48,1;"AB";"AA"
"827";"51";"57";"Male";"3";173;38,75;"AB";"AB"
"828";"34";"86";"Female";"2";159;32,27;"AA";"AA"
"829";"34";"86";"Female";"2";159;35,27;"AA";"BB"
"830";"34";"86";"Female";"2";133;34,07;"AA";"AB"
"831";"34";"86";"Female";"2";150;34,7;"AA";"BB"
"832";"34";"86";"Male";"2";157;42,39;"AA";"AB"
"833";"34";"86";"Male";"2";165;50,25;"AA";"AA"
"834";"34";"86";"Male";"2";158;38,82;"AA";"AB"
"835";"34";"86";"Male";"2";129;40,05;"AA";"AB"
"836";"34";"86";"Female";"3";136;33,79;"AA";"AA"
"837";"34";"86";"Female";"3";145;31,78;"AA";"AA"
"838";"34";"86";"Female";"3";126;33,92;"AA";"AB"
"839";"34";"86";"Female";"3";129;32,82;"AA";"AA"
"840";"34";"86";"Male";"3";187;44,49;"AA";"AA"
"841";"34";"86";"Male";"3";153;39,6;"AA";"AB"
"842";"34";"86";"Male";"3";162;39,46;"AA";"AB"
"843";"34";"86";"Male";"3";135;37,72;"AA";"BB"
"844";"34";"87";"Female";"1";149;36,3;"AB";"AB"
"845";"34";"87";"Female";"1";121;37,8;"AB";"AB"
"846";"34";"87";"Female";"1";183;37,9;"AB";"AB"
"847";"34";"87";"Female";"1";173;34,1;"AA";"AA"
"848";"34";"87";"Female";"1";167;38,54;"AB";"AB"
"849";"34";"87";"Male";"1";106;39,97;"AA";"BB"
"850";"34";"87";"Male";"1";168;43,21;"AB";"BB"
"851";"34";"87";"Male";"1";177;46,1;"AA";"AA"
"852";"34";"87";"Female";"2";115;33,89;"AA";"AB"
"853";"34";"87";"Female";"2";91;33;"AA";"BB"
"854";"34";"87";"Female";"2";113;36,05;"AB";"AA"
"855";"34";"87";"Female";"2";101;34,98;"AB";"BB"
"856";"34";"87";"Male";"2";129;39,11;"AA";"AB"
"857";"34";"87";"Male";"2";145;49,6;"AB";"BB"
"858";"34";"87";"Male";"2";121;40,43;"AA";"BB"
"859";"34";"87";"Male";"2";133;40,36;"AB";"BB"
"860";"34";"87";"Female";"3";113;37,3;"AA";"BB"
"861";"34";"87";"Female";"3";124;40,22;"AB";"AB"
"862";"34";"87";"Female";"3";121;38,25;"AB";"AB"
"863";"34";"87";"Male";"3";197;47,97;"AA";"AB"
"864";"34";"87";"Male";"3";148;45,66;"AB";"AB"
"865";"34";"87";"Male";"3";168;52,57;"AB";"AB"
"866";"34";"87";"Male";"3";150;40,25;"AA";"AA"
"867";"34";"88";"Female";"1";135;34,07;"AB";"AB"
"868";"34";"88";"Female";"1";134;31,1;"AA";"AB"
"869";"34";"88";"Female";"1";140;33,59;"AA";"AA"
"870";"34";"88";"Female";"1";130;33,64;"AB";"BB"
"871";"34";"88";"Male";"1";176;35,77;"AB";"AB"
"872";"34";"88";"Male";"1";229;48,3;"AB";"AB"
"873";"34";"88";"Male";"1";204;44;"AA";"AA"
"874";"34";"88";"Male";"1";157;45,02;"AB";"AA"
"875";"34";"88";"Female";"2";104;33,62;"AB";"BB"
"876";"34";"88";"Female";"2";79;31,4;"AB";"AB"
"877";"34";"88";"Female";"2";101;34,54;"AB";"BB"
"878";"34";"88";"Female";"2";120;30,76;"AA";"AB"
"879";"34";"88";"Male";"2";139;45,12;"AB";"AB"
"880";"34";"88";"Male";"2";71;44,47;"AB";"AB"
"881";"34";"88";"Male";"2";123;41,67;"AB";"AB"
"882";"34";"88";"Male";"2";116;41,87;"AB";"BB"
"883";"34";"88";"Female";"3";98;38,54;"AA";"AB"
"884";"34";"88";"Female";"3";96;34,82;"AB";"AB"
"885";"34";"88";"Female";"3";119;41,45;"AB";"BB"
"886";"34";"88";"Female";"3";121;33,74;"AA";"AB"
"887";"34";"88";"Male";"3";137;48,36;"AA";"AA"
"888";"34";"88";"Male";"3";148;46,65;"AA";"AA"
"889";"34";"88";"Male";"3";146;43,2;"AB";"BB"
"890";"34";"88";"Male";"3";157;48,84;"AB";"AA"
"891";"34";"89";"Female";"1";139;34,23;"AA";"BB"
"892";"34";"89";"Female";"1";134;28,28;"AA";"AB"
"893";"34";"89";"Female";"1";154;36,1;"AA";"AB"
"894";"34";"89";"Female";"1";150;33,95;"AA";"AB"
"895";"34";"89";"Female";"1";112;35,41;"AA";"AA"
"896";"34";"89";"Male";"1";125;39,43;"AA";"AB"
"897";"34";"89";"Male";"1";152;39,4;"AA";"BB"
"898";"34";"89";"Male";"1";134;40,65;"AA";"AB"
"899";"34";"89";"Female";"2";123;34,43;"AA";"AA"
"900";"34";"89";"Female";"2";99;32,89;"AA";"AB"
"901";"34";"89";"Female";"2";90;34,19;"AA";"AB"
"902";"34";"89";"Female";"2";104;36,43;"AA";"AB"
"903";"34";"89";"Male";"2";154;39,72;"AA";"BB"
"904";"34";"89";"Male";"2";129;42,52;"AA";"AB"
"905";"34";"89";"Male";"2";178;35,92;"AA";"BB"
"906";"34";"89";"Male";"2";144;42,02;"AA";"AB"
"907";"34";"89";"Female";"3";101;32,5;"AA";"AB"
"908";"34";"89";"Female";"3";135;31,82;"AA";"AB"
"909";"34";"89";"Female";"3";112;33;"AA";"AA"
"910";"34";"89";"Female";"3";120;34,36;"AA";"AB"
"911";"34";"89";"Male";"3";139;44,35;"AA";"AB"
"912";"34";"89";"Male";"3";162;46,8;"AA";"AB"
"913";"34";"89";"Male";"3";173;46,3;NA;NA
"914";"34";"89";"Male";"3";157;38;"AA";"AB"
"915";"34";"90";"Female";"1";139;32,77;"AA";"BB"
"916";"34";"90";"Female";"1";140;35;"AA";"AB"
"917";"34";"90";"Female";"1";134;35,8;"AB";"AB"
"918";"34";"90";"Male";"1";188;41,79;"AA";"AB"
"919";"34";"90";"Male";"1";138;46,5;"AB";"AA"
"920";"34";"90";"Male";"1";127;38,9;"AB";"AB"
"921";"34";"90";"Male";"1";194;44,6;"AA";"AB"
"922";"34";"90";"Female";"2";114;34,5;"AA";"AA"
"923";"34";"90";"Female";"2";124;37,37;"AA";"AB"
"924";"34";"90";"Female";"2";126;35,2;"AB";"AB"
"925";"34";"90";"Male";"2";142;38,55;"AA";"BB"
"926";"34";"90";"Male";"2";110;41,93;"AB";"AA"
"927";"34";"90";"Male";"2";145;47,23;"AB";"AA"
"928";"34";"90";"Female";"3";106;30,63;"AA";"AB"
"929";"34";"90";"Female";"3";107;31,08;"AA";"BB"
"930";"34";"90";"Female";"3";135;37,77;"AA";"AA"
"931";"34";"90";"Male";"3";160;42,79;"AA";"BB"
"932";"34";"90";"Male";"3";168;37,84;"AB";"BB"
"933";"34";"90";"Male";"3";168;39,26;"AA";"AB"
"934";"34";"90";"Male";"3";157;39;"AA";"AB"
"935";"40";"46";"Female";"1";154;33,46;"AB";"BB"
"936";"40";"46";"Female";"1";151;32,16;"AB";"AB"
"937";"40";"46";"Female";"1";121;35,74;"BB";"AA"
"938";"40";"46";"Female";"1";85;28,86;"AB";"AB"
"939";"40";"46";"Male";"1";148;36,6;"AB";"BB"
"940";"40";"46";"Male";"1";184;44,88;"BB";"AB"
"941";"40";"46";"Male";"1";194;40,47;"AA";"AA"
"942";"40";"46";"Male";"1";195;37,49;"BB";"BB"
"943";"40";"46";"Female";"2";115;32,27;"AB";"AB"
"944";"40";"46";"Female";"2";96;31,51;"AB";"BB"
"945";"40";"46";"Female";"2";123;34,56;"BB";"AB"
"946";"40";"46";"Female";"2";108;28,77;"AB";"BB"
"947";"40";"46";"Male";"2";154;44,44;"AB";"AA"
"948";"40";"46";"Male";"2";161;36,77;"AB";"AB"
"949";"40";"46";"Male";"2";144;39,15;"AB";"AB"
"950";"40";"46";"Male";"2";161;39,51;"AB";"AB"
"951";"40";"47";"Female";"1";65;26,82;"AB";"BB"
"952";"40";"47";"Female";"1";101;26,62;"AB";"AB"
"953";"40";"47";"Female";"1";125;29,7;"AB";"AA"
"954";"40";"47";"Female";"1";88;24,79;"AA";"AB"
"955";"40";"47";"Male";"1";134;38,35;"BB";"AB"
"956";"40";"47";"Male";"1";137;35,36;"AB";"BB"
"957";"40";"47";"Male";"1";80;37,13;"AB";"AB"
"958";"40";"47";"Male";"1";136;34,46;"AB";"AB"
"959";"40";"47";"Female";"2";145;28,94;"AA";"AB"
"960";"40";"47";"Female";"2";113;30,93;"BB";"BB"
"961";"40";"47";"Female";"2";122;31,67;"AB";"BB"
"962";"40";"47";"Female";"2";115;25,78;"AA";"AB"
"963";"40";"47";"Male";"2";180;40,7;"AA";"AB"
"964";"40";"47";"Male";"2";191;45,53;"AB";"AB"
"965";"40";"47";"Male";"2";177;46,1;"BB";"AA"
"966";"40";"47";"Male";"2";168;43,83;"AB";"AA"
"967";"40";"47";"Female";"3";137;32,81;"AA";"BB"
"968";"40";"47";"Female";"3";108;29,59;"AB";NA
"969";"40";"47";"Female";"3";149;36,06;"AB";"AB"
"970";"40";"47";"Female";"3";97;30,28;"BB";"AB"
"971";"40";"47";"Male";"3";174;44,38;"AB";"AB"
"972";"40";"47";"Male";"3";145;42,99;"AB";"AB"
"973";"40";"47";"Male";"3";161;45,43;"BB";"AB"
"974";"40";"47";"Male";"3";184;46,84;"AB";"AB"
"975";"40";"48";"Female";"1";121;29,83;"AB";"BB"
"976";"40";"48";"Female";"1";225;29,35;"AB";"BB"
"977";"40";"48";"Female";"1";142;29,95;"AB";"AB"
"978";"40";"48";"Female";"1";149;32,58;"BB";"AB"
"979";"40";"48";"Male";"1";216;43,87;"AA";"AA"
"980";"40";"48";"Male";"1";190;38,8;"AB";"AB"
"981";"40";"48";"Male";"1";292;41,03;"AB";"AB"
"982";"40";"48";"Male";"1";201;41,58;"BB";"BB"
"983";"40";"48";"Female";"2";152;29,56;"AA";"BB"
"984";"40";"48";"Female";"2";121;29,97;"BB";"AB"
"985";"40";"48";"Female";"2";112;30,69;"AB";"AB"
"986";"40";"48";"Female";"2";102;33,71;"AB";"AB"
"987";"40";"48";"Male";"2";167;42,99;"BB";"AB"
"988";"40";"48";"Male";"2";142;34,12;"BB";"AB"
"989";"40";"48";"Male";"2";175;38,32;"AB";"AB"
"990";"40";"48";"Male";"2";112;34,61;"AB";"AB"
"991";"40";"49";"Female";"1";102;27,05;"BB";"AA"
"992";"40";"49";"Female";"1";116;31,96;"AA";NA
"993";"40";"49";"Female";"1";118;27,32;"AB";NA
"994";"40";"49";"Male";"1";124;39,34;"AB";"AB"
"995";"40";"49";"Male";"1";160;42,72;"AB";"AA"
"996";"40";"49";"Male";"1";196;40,19;"AB";"BB"
"997";"40";"49";"Male";"1";124;36,85;"AA";"AB"
"998";"40";"49";"Female";"2";84;34,58;"BB";"AA"
"999";"40";"49";"Female";"2";133;37,19;"BB";"AB"
"1000";"40";"49";"Female";"2";143;35,17;"BB";"BB"
"1001";"40";"49";"Female";"2";145;34,17;"AA";"AB"
"1002";"40";"49";"Male";"2";152;49,5;"BB";"AB"
"1003";"40";"49";"Male";"2";160;48,26;"AA";"BB"
"1004";"40";"49";"Male";"2";131;51,92;"AB";"AA"
"1005";"40";"49";"Male";"2";158;44,87;"AA";"AB"
"1006";"40";"49";"Female";"3";143;36,63;"BB";"AB"
"1007";"40";"49";"Female";"3";153;37,6;"AB";"AA"
"1008";"40";"49";"Female";"3";114;33,02;"AB";"AB"
"1009";"40";"49";"Female";"3";105;31,36;"BB";"AA"
"1010";"40";"49";"Male";"3";122;38,29;"AB";NA
"1011";"40";"49";"Male";"3";123;33,51;"AA";"AB"
"1012";"40";"49";"Male";"3";140;41,04;"AB";"AA"
"1013";"40";"49";"Male";"3";139;38,31;"AA";"BB"
"1014";"40";"50";"Female";"1";144;30,96;"AB";"AA"
"1015";"40";"50";"Female";"1";117;31,04;"AB";"AB"
"1016";"40";"50";"Female";"1";169;34,26;"BB";"AB"
"1017";"40";"50";"Female";"1";180;37,52;"AB";"AB"
"1018";"40";"50";"Male";"1";191;44,25;"AB";"AA"
"1019";"40";"50";"Male";"1";173;36,3;"AA";"BB"
"1020";"40";"50";"Male";"1";179;37,9;"AA";"AB"
"1021";"40";"50";"Male";"1";225;46,87;"AB";"AA"
"1022";"40";"50";"Female";"2";130;34,47;"AB";"AA"
"1023";"40";"50";"Female";"2";135;37;"BB";"AB"
"1024";"40";"50";"Female";"2";105;24,33;"AA";"BB"
"1025";"40";"50";"Female";"2";148;36,62;"AA";"BB"
"1026";"40";"50";"Male";"2";129;38,88;"AB";"BB"
"1027";"40";"50";"Male";"2";99;33,83;"BB";"AA"
"1028";"40";"50";"Male";"2";132;44,36;"AB";"AB"
"1029";"40";"50";"Male";"2";109;38,26;"AA";"AB"
"1030";"72";"29";"Female";"1";157;35,79;"AA";"AA"
"1031";"72";"29";"Female";"1";97;34,46;"BB";"BB"
"1032";"72";"29";"Female";"1";88;38,36;"AB";"AA"
"1033";"72";"29";"Female";"1";116;30,19;"AB";"AB"
"1034";"72";"29";"Male";"1";182;35,15;"BB";"AB"
"1035";"72";"29";"Male";"1";184;43,51;"AB";"AB"
"1036";"72";"29";"Male";"1";164;41,81;"BB";"AB"
"1037";"72";"29";"Male";"1";198;35,71;"AA";"BB"
"1038";"72";"29";"Female";"2";120;30,72;"AA";"AB"
"1039";"72";"29";"Female";"2";109;34,91;"BB";"AB"
"1040";"72";"29";"Female";"2";109;29,15;"AB";"BB"
"1041";"72";"29";"Female";"2";125;32,65;"AB";"BB"
"1042";"72";"29";"Male";"2";134;48,2;"BB";"AB"
"1043";"72";"29";"Male";"2";105;39,3;"BB";"BB"
"1044";"72";"29";"Male";"2";139;37,3;"AB";"AB"
"1045";"72";"29";"Male";"2";173;41;"AB";"AB"
"1046";"72";"29";"Female";"3";107;33,93;"AB";"AB"
"1047";"72";"29";"Female";"3";118;39,17;"AB";"AA"
"1048";"72";"29";"Female";"3";117;35,67;"BB";"AA"
"1049";"72";"29";"Female";"3";113;37,25;"BB";"AB"
"1050";"72";"29";"Male";"3";143;52,38;"BB";"AB"
"1051";"72";"29";"Male";"3";161;40,55;"AA";"BB"
"1052";"72";"29";"Male";"3";175;35,5;"AB";"BB"
"1053";"72";"30";"Female";"1";134;42,94;"AB";"AA"
"1054";"72";"30";"Female";"1";118;36,3;"AB";"BB"
"1055";"72";"30";"Female";"1";121;41,25;"BB";"AA"
"1056";"72";"30";"Female";"1";109;40,8;"AB";"AB"
"1057";"72";"30";"Male";"1";173;42,62;"BB";"BB"
"1058";"72";"30";"Male";"1";178;40,33;"AA";"BB"
"1059";"72";"30";"Male";"1";160;40,04;"BB";"BB"
"1060";"72";"30";"Male";"1";186;44,03;"AB";"BB"
"1061";"72";"30";"Female";"2";86;33,75;"AB";"AA"
"1062";"72";"30";"Female";"2";134;34,4;"BB";"AB"
"1063";"72";"30";"Female";"2";112;35,22;"AB";"AA"
"1064";"72";"30";"Female";"2";135;37,33;"BB";"AA"
"1065";"72";"30";"Male";"2";250;51,07;"AB";"AA"
"1066";"72";"30";"Male";"2";190;41,17;"AA";"AB"
"1067";"72";"30";"Male";"2";142;40;"AA";"BB"
"1068";"72";"30";"Male";"2";186;45,01;"AB";"AA"
"1069";"72";"30";"Female";"3";152;36,87;"AB";"BB"
"1070";"72";"30";"Female";"3";140;40,87;"AB";"AA"
"1071";"72";"30";"Female";"3";113;34,08;"AB";"AB"
"1072";"72";"30";"Female";"3";128;34,35;"AA";"AB"
"1073";"72";"30";"Male";"3";174;52,92;"AB";"AB"
"1074";"72";"30";"Male";"3";154;41,76;"AA";"AB"
"1075";"72";"30";"Male";"3";137;45,07;"BB";"AB"
"1076";"72";"30";"Male";"3";134;41,48;"AA";"AB"
"1077";"72";"31";"Female";"1";109;35;"AA";"AB"
"1078";"72";"31";"Female";"1";102;30,76;"AB";"BB"
"1079";"72";"31";"Female";"1";121;25,88;"AA";"AB"
"1080";"72";"31";"Female";"1";100;35;"AA";"AA"
"1081";"72";"31";"Male";"1";183;47,13;"AB";"AA"
"1082";"72";"31";"Female";"1";177;36,38;"AA";"AA"
"1083";"72";"31";"Male";"1";218;44,92;"AB";"AB"
"1084";"72";"31";"Male";"1";163;42,5;"AB";"AB"
"1085";"72";"31";"Female";"2";122;31,18;"AA";"BB"
"1086";"72";"31";"Female";"2";118;29,47;"AA";"AB"
"1087";"72";"31";"Female";"2";158;34,5;"AB";"AB"
"1088";"72";"31";"Female";"2";131;32,46;"AA";"AB"
"1089";"72";"31";"Male";"2";271;42,65;"AA";"BB"
"1090";"72";"31";"Male";"2";142;41,45;"AB";"BB"
"1091";"72";"31";"Male";"2";253;44,29;"AA";"AA"
"1092";"72";"31";"Male";"2";175;37,62;"AA";"AB"
"1093";"72";"31";"Female";"3";113;38,11;"AA";"AB"
"1094";"72";"31";"Female";"3";120;39,92;"AB";"AA"
"1095";"72";"31";"Female";"3";111;34,65;"AB";"AB"
"1096";"72";"31";"Female";"3";140;39,28;"AB";"AB"
"1097";"72";"31";"Male";"3";137;40,79;"AA";"BB"
"1098";"72";"31";"Male";"3";219;46,71;"AA";"AB"
"1099";"72";"31";"Male";"3";226;53,79;"AA";"AA"
"1100";"72";"31";"Male";"3";166;53,83;"AB";"AA"
"1101";"72";"32";"Female";"1";131;34,34;"AB";"AB"
"1102";"72";"32";"Female";"1";138;34,83;"AB";"BB"
"1103";"72";"32";"Female";"1";148;40,87;"AB";"AB"
"1104";"72";"32";"Female";"1";181;38,17;"AA";"BB"
"1105";"72";"32";"Male";"1";156;44,34;"AB";"BB"
"1106";"72";"32";"Male";"1";168;53,98;"AA";"AA"
"1107";"72";"32";"Male";"1";192;49,2;"AB";"BB"
"1108";"72";"32";"Male";"1";252;53,16;"AA";"AB"
"1109";"72";"32";"Female";"2";105;31,66;"AB";"AA"
"1110";"72";"32";"Female";"2";98;31,96;"AA";"BB"
"1111";"72";"32";"Female";"2";115;33,42;"AA";"AB"
"1112";"72";"32";"Female";"2";113;35,05;"AA";"AB"
"1113";"72";"32";"Male";"2";129;32,9;"AB";"AA"
"1114";"72";"32";"Male";"2";206;47,98;"AB";"AB"
"1115";"72";"32";"Male";"2";128;42,91;"AA";"BB"
"1116";"72";"32";"Male";"2";193;47,58;"AB";"AA"
"1117";"72";"32";"Female";"3";155;35,72;"AA";"AB"
"1118";"72";"32";"Female";"3";150;41,14;"AB";"AA"
"1119";"72";"32";"Female";"3";153;34,94;"AA";"BB"
"1120";"72";"32";"Female";"3";148;37,76;"AA";"AB"
"1121";"72";"32";"Male";"3";151;46,84;"AB";"AA"
"1122";"72";"32";"Male";"3";218;47,46;"AB";"AA"
"1123";"72";"32";"Male";"3";202;43,49;"AA";"BB"
"1124";"72";"32";"Male";"3";141;41,22;"AA";"BB"
"1125";"72";"33";"Male";"1";120;35,69;"AB";"AA"
"1126";"72";"33";"Female";"1";117;29,31;"AA";"BB"
"1127";"72";"33";"Female";"1";115;31,87;"AB";"AB"
"1128";"72";"33";"Female";"1";111;32,58;"AA";"AA"
"1129";"72";"33";"Male";"1";127;40,64;"BB";"AB"
"1130";"72";"33";"Male";"1";107;37,27;"BB";"AB"
"1131";"72";"33";"Male";"1";156;43,59;"AA";"AB"
"1132";"72";"33";"Male";"1";153;33,31;"AA";"BB"
"1133";"72";"33";"Female";"2";97;34,64;"AA";"AB"
"1134";"72";"33";"Female";"2";92;32,05;"AB";"AB"
"1135";"72";"33";"Female";"2";99;31,86;"AA";"AA"
"1136";"72";"33";"Female";"2";100;38,65;"AB";"BB"
"1137";"72";"33";"Male";"2";136;45,24;"AB";"AA"
"1138";"72";"33";"Male";"2";152;45,43;"AB";"AB"
"1139";"72";"33";"Male";"2";124;44,26;"BB";"BB"
"1140";"72";"33";"Male";"2";145;40,49;"AB";"AA"
"1141";"72";"33";"Female";"3";129;39,12;"AB";"BB"
"1142";"72";"33";"Female";"3";115;40,63;"AA";"BB"
"1143";"72";"33";"Female";"3";127;44,66;"AB";"AA"
"1144";"72";"33";"Female";"3";137;46,56;"BB";"AA"
"1145";"72";"33";"Male";"3";111;36,24;NA;NA
"1146";"72";"33";"Male";"3";196;51,98;"AB";"BB"
"1147";"72";"33";"Male";"3";173;46;"BB";"AB"
"1148";"72";"33";"Male";"3";133;47,29;"BB";"AB"
"1149";"78";"80";"Female";"1";150;36,57;"AB";"AB"
"1150";"78";"80";"Female";"1";154;31,54;"AB";"AB"
"1151";"78";"80";"Female";"1";117;33;"AB";"AB"
"1152";"78";"80";"Female";"1";126;28,35;"AB";"BB"
"1153";"78";"80";"Male";"1";125;40,5;"AA";"BB"
"1154";"78";"80";"Male";"1";147;42,29;"AA";"AB"
"1155";"78";"80";"Male";"1";119;43,61;"AB";"AB"
"1156";"78";"80";"Male";"1";114;40,3;"BB";"AB"
"1157";"78";"80";"Female";"2";125;40,75;"BB";"AB"
"1158";"78";"80";"Female";"2";96;31,07;"AA";"AB"
"1159";"78";"80";"Female";"2";70;31,38;"AB";"AB"
"1160";"78";"80";"Female";"2";105;30,1;"AA";"BB"
"1161";"78";"80";"Male";"2";111;36,99;"AA";"AB"
"1162";"78";"80";"Male";"2";111;42,59;"AB";"AB"
"1163";"78";"80";"Male";"2";122;45,3;"AB";"AB"
"1164";"78";"80";"Male";"2";174;43,8;"AA";"AB"
"1165";"78";"80";"Female";"3";118;38,96;"BB";"AB"
"1166";"78";"80";"Female";"3";110;31,59;"AB";"BB"
"1167";"78";"80";"Female";"3";151;33,13;"AB";"AB"
"1168";"78";"80";"Female";"3";132;34,65;"AA";"AB"
"1169";"78";"80";"Male";"3";217;43,45;"AA";"AB"
"1170";"78";"80";"Male";"3";179;46,67;"AB";"BB"
"1171";"78";"80";"Male";"3";185;41,88;"AB";"AB"
"1172";"78";"80";"Male";"3";200;45,42;"BB";"AB"
"1173";"78";"81";"Female";"1";144;34,3;"AA";"AB"
"1174";"78";"81";"Female";"1";112;30,3;"AA";"AB"
"1175";"78";"81";"Female";"1";131;31,8;"AB";"AB"
"1176";"78";"81";"Female";"1";122;33,4;"AB";"AA"
"1177";"78";"81";"Male";"1";165;43;"AB";"AB"
"1178";"78";"81";"Male";"1";163;43,8;"AB";"AB"
"1179";"78";"81";"Male";"1";221;42,4;"AB";"AA"
"1180";"78";"81";"Female";"2";121;35,03;"AA";"BB"
"1181";"78";"81";"Female";"2";138;39,85;"AB";"AB"
"1182";"78";"81";"Female";"2";126;41,86;"BB";"AB"
"1183";"78";"81";"Female";"2";130;36,58;"BB";"BB"
"1184";"78";"81";"Male";"2";143;44,08;"BB";"BB"
"1185";"78";"81";"Male";"2";129;45,18;"AB";"BB"
"1186";"78";"81";"Male";"2";138;45,3;"AA";"BB"
"1187";"78";"81";"Male";"2";210;48,97;"AA";"AA"
"1188";"78";"81";"Female";"3";146;39,36;"BB";"BB"
"1189";"78";"81";"Female";"3";118;34,47;"AB";"AB"
"1190";"78";"81";"Female";"3";126;39,66;"AB";"AB"
"1191";"78";"81";"Female";"3";129;35,03;"BB";"BB"
"1192";"78";"81";"Male";"3";137;45,08;"AB";"AB"
"1193";"78";"81";"Male";"3";205;50,26;"BB";"AB"
"1194";"78";"81";"Male";"3";190;47,97;"AB";"AA"
"1195";"78";"81";"Male";"3";129;42,47;"BB";"AB"
"1196";"78";"82";"Female";"1";121;29,82;"AA";"AA"
"1197";"78";"82";"Female";"1";195;43,8;"BB";"AB"
"1198";"78";"82";"Female";"1";124;36,51;"BB";"AA"
"1199";"78";"82";"Female";"1";148;36,73;"AB";"AA"
"1200";"78";"82";"Male";"1";182;42,11;"AB";"AA"
"1201";"78";"82";"Male";"1";184;41,46;"AB";"AA"
"1202";"78";"82";"Male";"1";167;35,99;"AA";"BB"
"1203";"78";"82";"Male";"1";203;48,2;"AB";"AB"
"1204";"78";"82";"Female";"2";132;31,86;"AB";"AB"
"1205";"78";"82";"Female";"2";112;32,95;"AB";"AB"
"1206";"78";"82";"Female";"2";89;34,02;"BB";"AB"
"1207";"78";"82";"Female";"2";125;31,52;"AB";"AB"
"1208";"78";"82";"Male";"2";159;39,44;"AB";"AB"
"1209";"78";"82";"Male";"2";129;41,41;"AB";"BB"
"1210";"78";"82";"Male";"2";115;39,87;"BB";"BB"
"1211";"78";"82";"Male";"2";177;42,27;"BB";"AB"
"1212";"78";"82";"Female";"3";135;31,02;"AA";"BB"
"1213";"78";"82";"Female";"3";162;38,49;"AB";"AB"
"1214";"78";"82";"Female";"3";130;35,2;"AA";"AB"
"1215";"78";"82";"Female";"3";145;44,69;"AB";"AB"
"1216";"78";"82";"Male";"3";197;36,13;"AB";"AB"
"1217";"78";"82";"Male";"3";133;45;"AA";"BB"
"1218";"78";"82";"Male";"3";157;41,21;"AB";"AB"
"1219";"78";"82";"Male";"3";202;40,35;"AA";"AB"
"1220";"78";"83";"Female";"1";116;28,22;"BB";"AB"
"1221";"78";"83";"Female";"1";108;33,26;"AA";"AB"
"1222";"78";"83";"Female";"1";154;31,76;"AB";"AB"
"1223";"78";"83";"Female";"1";141;37,58;"AB";"AA"
"1224";"78";"83";"Male";"1";183;44,06;"AA";"BB"
"1225";"78";"83";"Male";"1";123;33,08;"AA";"AB"
"1226";"78";"83";"Male";"1";139;39,72;"AB";"AB"
"1227";"78";"83";"Male";"1";165;43,72;"AB";"BB"
"1228";"78";"83";"Female";"2";149;40,29;"AB";"AB"
"1229";"78";"83";"Female";"2";140;34,28;"AB";"AB"
"1230";"78";"83";"Female";"2";188;34,5;"AA";"AA"
"1231";"78";"83";"Female";"2";131;37,91;"BB";"AB"
"1232";"78";"83";"Male";"2";161;44,17;"BB";"AB"
"1233";"78";"83";"Male";"2";133;39,83;"AB";"AB"
"1234";"78";"83";"Male";"2";186;44,68;"AB";"BB"
"1235";"78";"83";"Male";"2";146;43,05;"BB";"AB"
"1236";"78";"83";"Female";"3";115;36,75;"AB";"AB"
"1237";"78";"83";"Female";"3";130;38,35;"BB";"BB"
"1238";"78";"83";"Female";"3";122;36,83;"BB";"AB"
"1239";"78";"83";"Female";"3";162;38,53;"AB";"AB"
"1240";"78";"83";"Male";"3";153;43,9;"AB";"BB"
"1241";"78";"83";"Male";"3";149;40,96;"AA";"AA"
"1242";"78";"83";"Male";"3";204;49,21;"AA";"BB"
"1243";"78";"83";"Male";"3";183;52,17;"BB";"AB"
"1244";"78";"84";"Female";"1";169;36,4;"BB";"BB"
"1245";"78";"84";"Female";"1";115;36,35;"BB";"AB"
"1246";"78";"84";"Female";"1";137;34,81;"AB";"AB"
"1247";"78";"84";"Female";"1";148;33,7;"AA";"AB"
"1248";"78";"84";"Male";"1";206;46,5;"BB";"AB"
"1249";"78";"84";"Male";"1";201;30,8;"AA";"BB"
"1250";"78";"84";"Male";"1";190;40,1;"AA";"AB"
"1251";"78";"84";"Male";"1";127;33;"AA";"BB"
"1252";"78";"84";"Female";"2";143;34,23;"AB";NA
"1253";"78";"84";"Female";"2";133;34,55;"AB";"AA"
"1254";"78";"84";"Female";"2";110;33,41;"BB";"BB"
"1255";"78";"84";"Female";"2";118;35,46;"AA";"AB"
"1256";"78";"84";"Male";"2";133;47,48;"AB";"AB"
"1257";"78";"84";"Male";"2";146;37,74;"AB";"BB"
"1258";"78";"84";"Male";"2";127;35,81;"AA";"BB"
"1259";"78";"84";"Male";"2";120;43,88;"AB";"AA"
"1260";"78";"84";"Female";"3";135;39,35;"AB";"BB"
"1261";"78";"84";"Female";"3";139;38,05;"AB";"AA"
"1262";"78";"84";"Female";"3";118;39,67;"AB";"AB"
"1263";"78";"84";"Female";"3";140;39,35;"BB";"AB"
"1264";"78";"84";"Male";"3";136;44,8;"AA";"AB"
"1265";"78";"84";"Male";"3";197;52,23;"AA";"AB"
"1266";"78";"84";"Male";"3";188;47,63;"AB";"AB"
"1267";"78";"84";"Male";"3";213;54,1;"AB";"AA"
